ID,Actif (0/1),Nom,Description,Résumé,Balise titre,Meta mots-clés,Meta description,URL de l'image,ID ou nom du groupe de boutiques 
1,1,Amazon,Description du fabricant Amazon,Résumé du fabricant Amazon,Balise titre - Français - Amazon,Meta-mots-clés-Amazon,Meta-description-Amazon,http://localhost/0-PackImport/Divers/logo_amazon.gif,1
2,1,Apple,Description du fabricant Apple,Résumé du fabricant Apple,Balise titre - Français - Apple,Meta-mots-clés-Apple,Meta-description-Apple,http://localhost/0-PackImport/Divers/logo_apple.png,1
3,1,Asus,Description du fabricant Asus,Résumé du fabricant Asus,Balise titre - Français - Asus,Meta-mots-clés-Asus,Meta-description-Asus,http://localhost/0-PackImport/Divers/ASUS_Corporate_Logo.svg.png,1
4,1,Barnes & Noble,Description du fabricant Barnes & Noble,Résumé du fabricant Barnes & Noble,Balise titre - Français - Barnes & Noble,Meta-mots-clés-Barnes&Noble,Meta-description-Barnes&Noble,http://localhost/0-PackImport/Divers/Logo-Barnes-and-Noble.JPG,1
5,1,Fnac,Description du fabricant Fnac ,Résumé du fabricant Fnac,Balise titre - Français - Fnac,Meta-mots-clés-Fnac,Meta-description-Fnac,http://localhost/0-PackImport/Divers/fnac-logo.png,1
6,1,Kobo Inc.,Description du fabricant Kobo Inc.,Résumé du fabricant Kobo Inc.,Balise titre - Français - Kobo Inc.,Meta-mots-clés-KoboInc.,Meta-description-KoboInc.,http://localhost/0-PackImport/Divers/Logo-kobo.png,1
7,1,PocketBook,Description du fabricant PocketBook,Résumé du fabricant PocketBook,Balise titre - Français - PocketBook,Meta-mots-clés-PocketBook,Meta-description-PocketBook,http://localhost/0-PackImport/Divers/PocketBook_Logo.jpg,1
8,1,Presse Pocket,Description du fabricant Presse Pocket,Résumé du fabricant Presse Pocket,Balise titre - Français - Presse Pocket,Meta-mots-clés-PressePocket,Meta-description-PressePocket,http://localhost/0-PackImport/Divers/Logo_Pocket.jpg,1
9,1,Presses de la Cité,Description du fabricant Presses de la Cité,Résumé du fabricant Presses de la Cité,Balise titre - Français - Presses de la Cité,Meta-mots-clés-PressesdelaCité,Meta-description-PressesdelaCité,http://localhost/0-PackImport/Divers/presses_de_la_cite.jpg,1
10,1,Rivages,Description du fabricant Rivages,Résumé du fabricant Rivages,Balise titre - Français - Rivages,Meta-mots-clés-Rivages,Meta-description-Rivages,http://localhost/0-PackImport/Divers/Logo_RivagesNoir.png,1
11,1,Samsung,Description du fabricant Samsung,Résumé du fabricant Samsung,Balise titre - Français - Samsung,Meta-mots-clés-Samsung,Meta-description-Samsung,http://localhost/0-PackImport/Divers/samsung-logo1.jpg,1
12,1,Soleil Productions,Description du fabricant Soleil Productions,Résumé du fabricant Soleil Productions,Balise titre - Français - Soleil Productions,Meta-mots-clés-SoleilProductions,Meta-description-SoleilProductions,http://localhost/0-PackImport/Divers/Soleilproductionslogo.svg.png,1
13,1,Sony,Description du fabricant Sony,Résumé du fabricant Sony,Balise titre - Français - Sony,Meta-mots-clés-Sony,Meta-description-Sony,http://localhost/0-PackImport/Divers/Logo-Sony.png,1
