ID;Actif (0/1);Nom;Catégorie parente;Catégorie racine (0/1) ;Description;Balise titre;Meta mots-clés;Meta description;URL simplifiée;URL de l'image;ID ou nom de la boutique 
20;1;1 - Romans;Accueil;0;Retrouvez ici tous nos romans, regroupés ici par sous catégories;Français - Balise titre - 1 - Romans;Meta-mots-clés-1-Romans;Meta-description-1-Romans;cat-1-romans;http://localhost/0-PackImport/Divers/Categorie-Librairie-Roman.jpg;1
21;1;1.1 - Policiers;1 - Romans;0;Une liste de polars, et autres romans noirs que nou vous recommandons;Français - Balise titre - 1.1 - Policiers;Meta-mots-clés-11-Policiers;Meta-description-1.1-Policiers;cat-11-policiers;http://localhost/0-PackImport/Divers/Categorie-Librairie-Polars.jpg;1
22;1;1.2 - Science-Fiction;1 - Romans;0;Hard SF, space opéras, et autres romans d'anticipations;Français - Balise titre - 1.2 - Science-Fiction;Meta-mots-clés-12-Science-Fiction;Meta-description-1.2-Science-Fiction;cat-12-science-fiction;http://localhost/0-PackImport/Divers/Categorie-Librairie-Science-Fiction-FR.jpg;1
23;1;2 - Bande-Dessinée;Accueil;0;Pour la BD, c'est par ici;Français - Balise titre - 2 - Bande-Dessinée;Meta-mots-clés-2-Bande-Dessinée;Meta-description-2-Bande-Dessinée;cat-2-bande-dessinée;http://localhost/0-PackImport/Divers/Categorie-Librairie-BD.jpg;1
24;1;3 - Livres numériques;Accueil;0;La dématérialisation dans toute sa splendeur;Français - Balise titre - 3 - Livres numériques;Meta-mots-clés-3-Livresnumériques;Meta-description-3-Livresnumériques;cat-3-livresnumériques;http://localhost/0-PackImport/Divers/Categorie-Librairie-Ebooks.jpg;1
25;1;4 - Liseuses;Accueil;0;Tablettes et liseuses pour tous les goûts... et toutes les bourses!;Français - Balise titre - 4 - Liseuses;Meta-mots-clés-4-Liseuses;Meta-description-4-Liseuses;cat-4-liseuses;http://localhost/0-PackImport/Divers/Categorie-Librairie-Liseuses.jpg;1
