ID;Actif (0/1);Nom;Description;Résumé;Balise titre;Meta mots-clés;Meta description;URL de l'image;ID ou nom du groupe de boutiques 
1;1;S N E;Ce distributeur assume les tâches logistiques liées à la circulation physique du livre (stockage, transport) et à la gestion des flux financiers qui en sont la contrepartie : traitement des commandes et des retours, facturation et recouvrement.;Ce distributeur assume les tâches logistiques liées à la circulation physique du livre (stockage, transport) et à la gestion des flux financiers qui en sont la contrepartie : traitement des commandes et des retours, facturation et recouvrement.;Syndicat national de l'édition;Syndicat national de l'édition;Syndicat national de l'édition;http://localhost/0-PackImport/Divers/logo_sne.gif;1
2;1;Amazon;;;;;;http://localhost/0-PackImport/Divers/logo_amazon.gif;1
3;1;Apple;;;;;;http://localhost/0-PackImport/Divers/logo_apple.png;1
4;1;Roche Bobois;;;;;;http://localhost/0-PackImport/Divers/logo_apple.jpg;1
5;0;TechData;;;;;;;1
6;1;Sony France;;;;;;;1
7;1;Canon;;;;;;;1
8;1;La Centrale HiFi;;;;;;;1
9;1;Panasonic;;;;;;;1
