ID;Actif (0/1);ID du titre (M = 1, Mme = 2, sinon 0);E-mail *;Mot de passe *;Anniversaire (aaaa-mm-jj);Nom *;Prénom *;Newsletter (0/1);Opt-in (0/1);Registration date (yyyy-mm-dd);Groupes (x,y,z...);ID du groupe par défaut;ID ou nom de la boutique 
01;1;1;ml813@noos.fr;123456789;1997-11-01;d'Exterieur;Alain;0;0;2015-01-27;Client;3;1
02;1;1;T02@test.com;123456789;1971-04-02;Yankevitch;Danko;0;0;2015-10-05;Client;3;1
03;1;5;T03@test.com;123456789;1946-11-08;Hauser;Douglas;0;0;2015-12-03;Client,Visiteur;3;1
04;1;4;T04@test.com;123456789;1981-01-21;Barfleur;Camille;0;0;2015-10-11;Client, Visiteur;3;1
05;1;2;T05@test.com;123456789;1973-08-15;De la Vega;Don Diego;0;1;2015-02-21;Client,Cuba;3;1
06;1;1;T06@test.com;123456789;1977-02-22;Dorset;Elise;1;0;2015-10-23;Client, Cuba;3;1
07;1;3;T07@test.com;123456789;1949-11-10;Schmaiser;Ferdinand;1;1;2015-10-13;Client,Visiteur,Cuba;3;1
08;1;3;T08@test.com;123456789;1991-09-27;Dex Térieur;Gustav;0;0;2015-04-11;Client, Visiteur, Cuba;3;1
09;1;1;T09@test.com;123456789;1957-04-11;De la Jungle;Georges;0;0;2015-12-06;Groupe crée via import clients;3;1
10;1;1;T10@test.com;123456789;1947-02-06;d'Intérieur;Alex;0;0;2015-06-06;Client, Cuba, Visiteur;3;1
11;1;3;T11@test.com;123456789;1983-03-04;O;I;0;0;2015-01-30;Client;3;1
12;1;4;T12@test.com;123456789;1956-08-27;Fatalis;Docteur;0;0;2015-03-29;Cuba;3;1
13;1;5;T13@test.com;123456789;1976-02-29;Stavro Blofeld;Ernest;0;0;2015-08-03;;3;1
14;1;7;T14@test.com;123456789;1980-08-05;Pignon;François;0;0;2015-06-09;Médecins cubain;3;1
15;1;1;T15@test.com;123456789;1979-07-26;Heurdebeze;Marie-Charlotte;0;0;2015-08-31;Client;139;1
16;1;1;T16@test.com;123456789;1980-02-27;Client;Premier;0;0;2015-02-22;Client;;1
17;1;2;T16@test.com;123456789;1946-04-04;Client;Second;1;1;2015-02-11;Client;;1
